{
    "aHgXgZNGQKgw8QrQeVEbcEJsajAnTjmzyhN9AbZnRYtjo3o": 406.4430103409,
    "b1pzCtzg6YDWpb8zRgojfHMqFRg8VJuqC76aaiumm1kHRHx": 2032.2150517045,
    "ZZBPDfCFb9qEwtVnTxjWUPvuSbHtTfzYdRLtEmatFmdajXj": 3556.376340482875,
    "aqhRk2o8uwnU7Xygpcx3SKhRABKYLkfwctcsDx58LyTudJA": 1270.1344073153125,
    "XtXJCCruybJg4Nnz6L9BLKAAEmkQzj8tUtuJPCX4Np9J2tL": 4064.430103409,
    "aWJnnmprdLj9jWb9sR9Pz4UMjiu9uG2pZoDC7uUd8EFiJDH": 2042.3761269630224,
    "bHsYgVwCaBEoaPUWdsafEwi4QDs4bu8awexV9XgKihsZjcv": 350119.3156364806,
    "VwKnTuonvyiP7KTfE8DZHUnexsGZUWUg3SrD1esJVqgzsLd": 1524.161288778375,
    "WKKe7nqwCKN5Q6hDDV3va5hD662CaQ7AqT1X2MRkfrtgdjy": 508.053762926125,
    "Y26Fs4t5bEMFNwvsYWn9ZHuThHmwwUEoqpXir3jr3FVbH4P": 508053.76292612497,
    "WJPLKecFXzh3yr8cLsfgijTgMDEgn4dtg1jhsLPV5QFFLq4": 304.83225775567496,
    "b9B51gLV1CJ7RWBN4HSqgdBwZwt8Ukd2wzBhaTdJgxs2SGQ": 1524.161288778375,
    "WVwVSJSbVsRax8up2RXPxFmtDHJMvjnZp2XbaoGbfhoHULR": 203.22150517045,
    "aehZP4qohyPjoY8QL62LR3YKphFhL27RM1Cm2cvfQ9j9fH5": 1016.10752585225,
    "XBFRp9njddVL97Lqd8PckGrYGdm6wiUycYkzyhNVjcZ9En1": 5080.53762926125,
    "b4RfDSNQmWmbA4NTK3k8y1AqzXEMfhzPkZj7J9kRDfgLsqx": 5080.53762926125,
    "ZV3Amu4gnGXwpmpSHGbYgj9m9r1qHXYgB1NMqSY256iErL6": 3180.4165559175426,
    "YUQLb9wfDT4kCG9Uz342qi8PDpjmPyqoTT7nrciwNmggk35": 1016.10752585225,
    "WJzrLWz5hpsGxX4Rd4mTwW5w1n6kA7uiHmN137hKBns5Xiy": 11177.182784374749,
    "YFD6PfBxGXk1i9VeAaMJ1J5XXMFsN5S5Z6n2w6CUEj8KToU": 8128.860206818,
    "a9uSTXZSKxwMQ1oaQEJVAJP1sMsnpq1KWHAGaNtcBBBT49J": 10161.0752585225,
    "ae89wBDYQnH1vBSUfnDemGtcnyNqHgvLoee2iZZf8mG9mJr": 3556.376340482875,
    "YACh5EhkGtJYPzMawrbakS5Md3dgNKcGAQsDbjiqCBCGB9G": 497.8926876676025,
    "YJ22VXFEUbyNsEsQ5tW4oobx7zAvyMKaZDevASpkvFK6qpa": 304.83225775567496,
    "YnfS2mjc8o4vm9JfWstZ89xduKpTjkvVjWBpk4HyvAwgkBh": 27942.956960936874,
    "XJPhezS1qaJN4YVDtMPnPcvExVyiScArrB92F5S3TA4rxAF": 3048.32257755675,
    "XVSAMF5LnKafeFWmkTLZCEQu911fAiPta6pBntSFX47xZ1Z": 5588.591392187374,
    "bEEqR93Ucj7UiM7rfQgS7FsDh4Q7sZHA6vVD9e9kJMxo6nB": 2560.59096514767,
    "bPGt4kRyJqeTPsh6eYPUf9ohpW67BbPQwmrEzeSdCyMNQRw": 2032.2150517045,
    "X4zqtRqBiBLbdQEUEt9Tt5jVVm6WJZjbV2BEPLEB7gN2td8": 12701.344073153126,
    "WzXDAMpRe7kGuVVAKpmfg7afEhsM6TDWohu3yZ89prQKMWP": 2540.268814630625,
    "b17UiQZemqj3sX5cAR5n4oSP84mGgqfSRAEwiTTHagHtQ9A": 6096.6451551135,
    "XJKBCcNcsj3Z3rMtmDKMsLD6roPGYXNmhLYDuuuwszqkuoi": 101620.91366048352,
    "avfPF8eCrpqYStgHAPHue3Bxux89ZKKK1CCt3htBKzL1Ub4": 12691.182997894603,
    "aPXP2vjgfFxn6jW7sh8tnAJPXop3zMqhPyEXUm1oU1q19Ta": 1534.3223640368974,
    "aU4oEcVyDWesxLE1wuhPGwT6t4Km1WnWPEL3mi5yWYaBkGA": 113570.33816450599,
    "Ym8CQoSt11nwB16i7sU3htLN4Y38t88tgRegWeDiVS76hNQ": 2540.268814630625,
    "WxFKxqedJBUmmU78T7unk6huP6bEypKMAJEvx8vA9gwMJ1h": 2784.134620835165,
    "Zt4PcDJZs1mQ6d7ya6vSy4qF44JKN6EgjQ9F45ZZU3keiTz": 5395.530962275448,
    "a7EXb7u39iYHthRU5KSDAVgf12e98VTQGw9tw3bZGDntg8T": 848.4497840866288,
    "WPbGcWiHkZGAgvXS4KWH5cDhrVB7GnFmxta8YQN9QUuP9vX": 50.8053762926125,
    "YwfiW9Ux3caW3Z4wiewQhoVmTVj3Rz4BktiqHsPGNWGhc9j": 1016.10752585225,
    "YLvJMjNgDpnTS21ehk9cQu3eM5s8r4DABcHixPtMRdKwRzT": 1290.4565578323575,
    "XvhK28DMqEcuJFkzY8pRdLUYoyfdrYW2majsiLV14zJbC14": 15241.612887783751,
    "WTRnx2XYUvJQDSjUjnMRvmXg1LK1oJgaXDYEmCGy9FmhpwM": 12191.258095175295,
    "ZHNQmz82k8mwdwhsNPeW43kPzoCiTDu5yyTp2Ne2ZUvtnKQ": 5080.53762926125,
    "ZRjZGRGJ6YpLAm1Chk162Q5bCCZDgS7efS5Cj7ZCotcurji": 10161.0752585225,
    "YteVbbJzxmtW3EYeSiwvAXJzGWqHGpbMt9sUVkdaZHFqh4m": 101.610752585225,
    "YZskD4aHtNgivXeGtD8DHL5vk2f2sSPeKbYVpmwQ4Q46TBb": 112.78793536959975,
    "a4XX676FBaTAekrZD4RkRfqnsPGZpnFAxgbawdbawYWTEhc": 4135.557630218657,
    "YPL4p2z7xW3FG5HRnrEDwzGE1g14P3ftKczg6QPFJRzjVDT": 508.053762926125,
    "WPpDRtVGbCYVBBu8vQhCBWUWJbY7QTGZ2RXc8tCE1NTYZY4": 2164.3090300652925,
    "aLKRDgZ4n4yN6eerawE5Xe26w8w1HWJ6tzjYTVCUTsW7LbZ": 50.8053762926125,
    "ZDKFUU8FiMmgSGcZXCx2iZ6zu5SSM8gdEshB8HxfrRPLCLU": 101.610752585225,
    "YFKiYr937jFuLebar153fLwpXN22Ea76Z7N5MJgmPATGqsY": 2032.2150517045,
    "WdL8JEW6RnU51Rz3C36HyA23o5yckL1aQpn5AT6M3s5GXSG": 7112.75268096575,
    "b27oGPnPb48Fo9YiV1N3Ff8mo8ADGBDseSNT9H2KwL254D9": 17964.78105706778,
    "YV7YgwTD7aP6Vmn1eo8tEPiVawBPYLqfxVdAmmZBB94A86m": 1016.10752585225,
    "aCZzPnkqnpSz2ucjzjx12BPP2D3MH4Jx5vvwKKgqPmj5bKc": 10161.0752585225,
    "WrcrbPqRaXAHwhoCP2ZUmQUXjGk9xhQWyYdtpWqipNm8sQe": 1016.10752585225,
    "WFmkoRtBmM6zrH6mECrVhCjLAT8THNLinfikpgXbBUsjxX1": 50.8053762926125,
    "ZS1D9fmwhZksUVPBeYutZ36mjDQLBzmQwhfiFADTd4fsYN3": 1066.9129021448625,
    "XUbKWSAW8egnKS5wvKBhZeg77e44QCaVtzr9gN9tziqeSAZ": 1524.161288778375,
    "af2Lfpmg8GcD7p91XcdxGdZ2mGQqTf9B9bbbtqno8Bq3eF6": 132.0939783607925,
    "VxKQJYPqPQhuF4haU4M2BGYy434f2KWo2Ak4Z2PjUhtrChH": 2641.87956721585,
    "bCdE9oitEmUHHuSgEHJ7YsRPb31i2VE7bkfPEck2oJovnYE": 101.610752585225,
    "WmoZQ5dkN7o7g6iNo6c4PTtK5zkhbxxxsUULuFmurETpBiH": 3048.32257755675,
    "WpFrkjgpiL6NaDXpcAmGrBQ7njQYDQGRhx8D7puhh4c8caw": 1016.10752585225,
    "XdUBBGKCLSSSLnLoVxjMhpHxz6dcb4ztdf8Xfmtika4vsg3": 50805.376292612505,
    "at9ENbYmiNNh5NJh9bcpqrmFQtAsygF8y5xPSBf8ubvgxF8": 7600.48429337483,
    "bEvKwgVQakqdoCHT2dncrxVc7AZtJKh6eCpLBehKfLmRXib": 304.83225775567496,
    "a9MZYiG7AvjqJopxtYxwQUvTNpxgBQcMtE5FJAzBqfiHMua": 30483.225775567502,
    "YojhtnWfLnha4mLZiqEtyDYwVFnzRzxYCpH5UHn7XLx1mkr": 25504.298898891477,
    "WgVUeXuo7XfAPkVre3oU35CMKy9C43ZmWhGVSSX2hjdSjGL": 101.610752585225,
    "YiXMcTNQcMd9LtLhxAYEddLkbrpV1q8CDTMCSwfSsL67W88": 254.0268814630625,
    "XQ9d55Rrgh4QrTTTRD8X4eVZq727Ck2N5dyS9gaNZjWka2R": 10161.0752585225,
    "YXcaeQSBxRHE2Ls1RYLTVsXiei4wip6fvXy4cPjdEogKT89": 34039.60211605037,
    "Yw6zXcfMazuumMiYGjj6x3VUioKaSDfiNT6ybzRky6f8WAj": 4064.430103409,
    "YS9BTZV7Gu61W1tmJFG3UeBtRyyZEgysPC3gS9NcXaxoygS": 2032.2150517045,
    "aRUBtXPBP5CiPsHapzGsixBmitenFP6FR27b8QDiNyTxsDZ": 6096.6451551135,
    "WPo4PCG9JgDvJ4Q77nFR7uwE5EZinrHMkYNExL893t73imV": 50805.376292612505,
    "YyaqqvoACtudUvrqBXp7RxyAHkccvtj5BuESchUWY8EvBMF": 22364.526644008023,
    "bNPduMMz44BSEjNcBqZvFwF41REc4TYY1XjhP5M1zdc8if4": 6604.698918039625,
    "XSQmdqyTKXD4xcejQuJrqNAGJBNvSg8jkUZPuoDExNTFZJM": 4572.483866335125,
    "bCh9o58JEJk6Jqe9Xf41LpyZC42j9hdKhxQBoj9BdaTByGD": 8128.860206818,
    "WMmDVw5x9FpUetaro4TJj1Copx18KtZQpJNcb5qvtNXW5tx": 1808.671396017005,
    "XfmMdpnr8xkQctcgTK5rXdCznhYJAUHsxjkADcgQDYvBg3w": 50.8053762926125,
    "WckQpjJDm6UwTedt3Zs4mq6MEfc88tJm5mASvNiXYzbxB6W": 5080.53762926125,
    "Z6xeuoZw3c5tMFnTAM6xbFPcxmrrhQQRxRrmgiM2rCa3VKy": 1016.10752585225,
    "WQCwG2e3TwggpzX1QX4EdkuSXMuTTKGW1x9RB6urpBbEGjx": 1016.10752585225,
    "YaHzczdFDC3hwzpLuW7r7KofVFMEFMXnZNcVBEfuLUPwWy2": 508.053762926125,
    "aUQouLj1QzJZQbLTJhjNKTxVQf9bszEvA6qTJqsNAMbU9Fm": 10161.0752585225,
    "ae6MNDeNMdo8pJWNraSmUaWxAC5kcrryteY1u4adCPjeRxL": 914.496773267025,
    "WPbzGAYUDjJaAQkec6w7AerV1MSS8NnBPu2ZUcFGqAaUDPg": 812.8860206818,
    "WXRhhgk1WkgMtaiVtapkPjpBkxCSVRKYQortgjATzyhhFm2": 1016.10752585225,
    "YfsSP5qPHsvGKqGqtwjEQ36qi3Je1g8cnPNWYahS96PYcPa": 17781.881702414375,
    "WJZVAfYbQAkxXjPJWVB7Xs29Q7zSGay2uHCA17SD8qpKE4f": 2489.4634383380126,
    "a6mQWLc38jhHxKQsCazsaDxXckXWhQmzfkvuQefvTEdFHM1": 101.610752585225,
    "Ywdi8f25WikpJxB85QN3S2ZMVz7BLEttzidtqcbzYzvJUDf": 101.610752585225,
    "XfdX1Nh32QR6gyGAe5q7Yf652xn1dtUZwukn3DHW9sw4chW": 2912.6122725114496,
    "Wdvuo87vQbR2Mms3XqhuNtoJoB4mszXrKxgn52B5TuQbwN3": 406.4430103409,
    "YRuKMoX6kCYf77qKzTPCwpXiaVkYLP1ocXRugBk4eTbJbWy": 1270.1344073153125,
    "X5oEmCYbLeezXWBictcVvujsVENEvS59FFypMpduPjco1ze": 2032.2150517045,
    "atQVfzBgmcQxG1FJH21tK7CbRZJXSMWdu2sRaWXEECX8HjM": 10161.0752585225,
    "YfareJK2ecxg9j4yuYQXMBjbBqavCRJVp8NpKM9RkvJjEjD": 2032.2150517045,
    "bc9dwThFjTZv7QCTedUMVXMfnXp7RSxnmCvNtWuzpm9dbgk": 2032.2150517045,
    "ZJCRgSdkWNkDhD8pjUUgzerj4cX7xAcgwfbo2JVL32Zg9fj": 1613.3928033761422,
    "Y28JZvjsvJHorCYT8bTS13SjPv8QJGrgsBQHaFZQWDNqbEz": 1016.10752585225,